{
    "1": {
        "n_layers": 6,
        "n_units_per_layer": [
            245,
            406,
            82,
            265,
            403,
            213
        ],
        "dropout_rate_per_layer": [
            0.29971215459724343,
            0.07082669308559282,
            0.11897421818880782,
            0.11637322234860221,
            0.20092381104104398
        ],
        "roc_auc": 0.7290876327607875,
        "auk": 0.11481987088852467,
        "fitting_time (minutes)": 2.9394036253293354
    },
    "2": {
        "n_layers": 9,
        "n_units_per_layer": [
            25,
            82,
            32,
            309,
            476,
            85,
            370,
            273,
            172
        ],
        "dropout_rate_per_layer": [
            0.046328001926799034,
            0.20965880741016038,
            0.035985162778916946,
            0.1455527728799595,
            0.18982131918028106,
            0.24546801640646623,
            0.2049077983228414,
            0.1495683510159957
        ],
        "roc_auc": 0.7766840722794782,
        "auk": 0.1391362859017197,
        "fitting_time (minutes)": 3.4184623837471007
    },
    "3": {
        "n_layers": 9,
        "n_units_per_layer": [
            259,
            141,
            450,
            466,
            266,
            287,
            157,
            212,
            373
        ],
        "dropout_rate_per_layer": [
            0.03767559313915087,
            0.062172863441456026,
            0.015440160990248962,
            0.13224295309519093,
            0.008962863263570086,
            0.13704996731841332,
            0.19474321428442823,
            0.08354618479439259
        ],
        "roc_auc": 0.7116163208861419,
        "auk": 0.1061381649476305,
        "fitting_time (minutes)": 4.424826288223267
    },
    "4": {
        "n_layers": 8,
        "n_units_per_layer": [
            207,
            395,
            370,
            97,
            466,
            316,
            403,
            68
        ],
        "dropout_rate_per_layer": [
            0.04243925208510707,
            0.06735177712044921,
            0.209526070772817,
            0.27095355712203273,
            0.18988893131773824,
            0.0015477445669883404,
            0.171706947378054
        ],
        "roc_auc": 0.7170558751926864,
        "auk": 0.10955423630823283,
        "fitting_time (minutes)": 4.498152395089467
    },
    "5": {
        "n_layers": 4,
        "n_units_per_layer": [
            216,
            199,
            496,
            128
        ],
        "dropout_rate_per_layer": [
            0.2755832723813765,
            0.14652335663844873,
            0.1835231588707937
        ],
        "roc_auc": 0.7490179701854605,
        "auk": 0.12449576406297751,
        "fitting_time (minutes)": 2.1114349603652953
    },
    "6": {
        "n_layers": 10,
        "n_units_per_layer": [
            237,
            478,
            116,
            375,
            345,
            372,
            346,
            328,
            291,
            11
        ],
        "dropout_rate_per_layer": [
            0.15894520865784648,
            0.12564222856699628,
            0.10062235478199877,
            0.18675582965882706,
            0.13144242783266222,
            0.22076463190460707,
            0.15541092359978062,
            0.17365758006784712,
            0.19360652876867815
        ],
        "roc_auc": 0.7428283784149976,
        "auk": 0.12070046785232702,
        "fitting_time (minutes)": 5.616452991962433
    },
    "7": {
        "n_layers": 5,
        "n_units_per_layer": [
            35,
            77,
            221,
            417,
            113
        ],
        "dropout_rate_per_layer": [
            0.29339685359898077,
            0.1615487611231301,
            0.15033613909798135,
            0.021615340007928464
        ],
        "roc_auc": 0.785132144517235,
        "auk": 0.14298708927454895,
        "fitting_time (minutes)": 1.9840938766797385
    },
    "8": {
        "n_layers": 4,
        "n_units_per_layer": [
            350,
            371,
            143,
            484
        ],
        "dropout_rate_per_layer": [
            0.1592567074666797,
            0.06981849839318721,
            0.003419641283228969
        ],
        "roc_auc": 0.7064697155215387,
        "auk": 0.09921433494989039,
        "fitting_time (minutes)": 2.4468361814816793
    },
    "9": {
        "n_layers": 6,
        "n_units_per_layer": [
            448,
            66,
            261,
            416,
            135,
            75
        ],
        "dropout_rate_per_layer": [
            0.06556760268782347,
            0.12555245415313573,
            0.07443035052406773,
            0.025217895349605023,
            0.10364959201512003
        ],
        "roc_auc": 0.7432077514413846,
        "auk": 0.11898617961629307,
        "fitting_time (minutes)": 2.652830191453298
    },
    "10": {
        "n_layers": 10,
        "n_units_per_layer": [
            135,
            494,
            25,
            330,
            379,
            133,
            166,
            483,
            231,
            423
        ],
        "dropout_rate_per_layer": [
            0.05941885942788719,
            0.2281592136596876,
            0.050733250968760635,
            0.02650194425220308,
            0.20560794551033917,
            0.286018003858481,
            0.0011844798983743354,
            0.153657679015733,
            0.24378628849563405
        ],
        "roc_auc": 0.7311993586574468,
        "auk": 0.11408870963270208,
        "fitting_time (minutes)": 4.792279450098674
    },
    "11": {
        "n_layers": 10,
        "n_units_per_layer": [
            201,
            90,
            101,
            347,
            449,
            279,
            342,
            171,
            81,
            348
        ],
        "dropout_rate_per_layer": [
            0.0677138150023985,
            0.2689022239015361,
            0.2478544055114835,
            0.027843747699547727,
            0.26691245674333974,
            0.21412858018741623,
            0.15536956092842855,
            0.23561661658545038,
            0.17629975489918875
        ],
        "roc_auc": 0.7461662896281964,
        "auk": 0.12237963826417318,
        "fitting_time (minutes)": 4.149024053414663
    },
    "12": {
        "n_layers": 7,
        "n_units_per_layer": [
            263,
            251,
            140,
            269,
            461,
            342,
            442
        ],
        "dropout_rate_per_layer": [
            0.2756241024299655,
            0.27021445623510365,
            0.010026428287903377,
            0.287084800882535,
            0.04116279640682293,
            0.08514850588738375
        ],
        "roc_auc": 0.7400788683293172,
        "auk": 0.12071935881710866,
        "fitting_time (minutes)": 4.7049540718396505
    },
    "13": {
        "n_layers": 3,
        "n_units_per_layer": [
            186,
            84,
            26
        ],
        "dropout_rate_per_layer": [
            0.24728355979841055,
            0.28972475941289993
        ],
        "roc_auc": 0.7687212358338633,
        "auk": 0.13380387093883142,
        "fitting_time (minutes)": 1.2913332462310791
    },
    "14": {
        "n_layers": 9,
        "n_units_per_layer": [
            278,
            416,
            337,
            259,
            368,
            244,
            166,
            148,
            218
        ],
        "dropout_rate_per_layer": [
            0.06659821610104301,
            0.09582766440127288,
            0.10923593164801583,
            0.16170379941445945,
            0.20442742513078752,
            0.160485095550689,
            0.07424806178857872,
            0.289898121370093
        ],
        "roc_auc": 0.7219674416324515,