{
    "1": {
        "n_layers": 2,
        "n_units_per_layer": [
            336,
            73
        ],
        "dropout_rate_per_layer": [
            0.29533428439093
        ],
        "roc_auc": 0.6748125607962401,
        "auk": 0.08358177770589925,
        "fitting_time (minutes)": 1.2752620458602906
    },
    "2": {
        "n_layers": 1,
        "n_units_per_layer": [
            253
        ],
        "dropout_rate_per_layer": [],
        "roc_auc": 0.7049825404778105,
        "auk": 0.1003781880708921,
        "fitting_time (minutes)": 1.0400513569513956
    },
    "3": {
        "n_layers": 8,
        "n_units_per_layer": [
            83,
            285,
            357,
            323,
            208,
            251,
            294,
            287
        ],
        "dropout_rate_per_layer": [
            0.14429154275213274,
            0.026616945466439612,
            0.024416090149167412,
            0.2650182596753245,
            0.11362038821181886,
            0.2045376831365357,
            0.10509099203621446
        ],
        "roc_auc": 0.6623235012968935,
        "auk": 0.07789821776494714,
        "fitting_time (minutes)": 3.849983108043671
    },
    "4": {
        "n_layers": 6,
        "n_units_per_layer": [
            203,
            227,
            261,
            152,
            176,
            137
        ],
        "dropout_rate_per_layer": [
            0.11842630100035682,
            0.2997080231580227,
            0.027936904293536045,
            0.17863658889212727,
            0.11870617900600763
        ],
        "roc_auc": 0.6681951324807623,
        "auk": 0.08057323173755608,
        "fitting_time (minutes)": 2.091528840859731
    },
    "5": {
        "n_layers": 1,
        "n_units_per_layer": [
            127
        ],
        "dropout_rate_per_layer": [],
        "roc_auc": 0.7110402935731954,
        "auk": 0.10281706930012079,
        "fitting_time (minutes)": 0.9829257408777873
    },
    "6": {
        "n_layers": 8,
        "n_units_per_layer": [
            419,
            457,
            30,
            62,
            212,
            413,
            477,
            127
        ],
        "dropout_rate_per_layer": [
            0.29906893590338135,
            0.003915005603719956,
            0.19795684856640655,
            0.05398634044720025,
            0.20211287890138976,
            0.22190511572070074,
            0.11587433020869874
        ],
        "roc_auc": 0.6806974064859694,
        "auk": 0.08743593332654702,
        "fitting_time (minutes)": 4.278873852888743
    },
    "7": {
        "n_layers": 1,
        "n_units_per_layer": [
            483
        ],
        "dropout_rate_per_layer": [],
        "roc_auc": 0.6984014694125666,
        "auk": 0.09493509635075413,
        "fitting_time (minutes)": 1.0302510182062785
    },
    "8": {
        "n_layers": 4,
        "n_units_per_layer": [
            289,
            155,
            469,
            376
        ],
        "dropout_rate_per_layer": [
            0.18355384944926414,
            0.05912204612696494,
            0.09666809965001404
        ],
        "roc_auc": 0.6493770794526486,
        "auk": 0.0711112905889768,
        "fitting_time (minutes)": 2.299386652310689
    },
    "9": {
        "n_layers": 7,
        "n_units_per_layer": [
            255,
            255,
            151,
            409,
            85,
            299,
            270
        ],
        "dropout_rate_per_layer": [
            0.026572058441996792,
            0.10241706974449753,
            0.29592084505877814,
            0.041319105981964706,
            0.0858283134112587,
            0.16813489584862534
        ],
        "roc_auc": 0.6572482660328298,
        "auk": 0.07579263826047042,
        "fitting_time (minutes)": 3.1453503211339315
    },
    "10": {
        "n_layers": 1,
        "n_units_per_layer": [
            237
        ],
        "dropout_rate_per_layer": [],
        "roc_auc": 0.6979662282720904,
        "auk": 0.09688636898915227,
        "fitting_time (minutes)": 1.0035572131474813
    },
    "11": {
        "n_layers": 5,
        "n_units_per_layer": [
            374,
            478,
            222,
            96,
            285
        ],
        "dropout_rate_per_layer": [
            0.23077874175693686,
            0.08859759132086285,
            0.04474888714184694,
            0.0067434973632485296
        ],
        "roc_auc": 0.6699880178698941,
        "auk": 0.08119612450460165,
        "fitting_time (minutes)": 2.581334324677785
    },
    "12": {
        "n_layers": 5,
        "n_units_per_layer": [
            437,
            242,
            484,
            331,
            207
        ],
        "dropout_rate_per_layer": [
            0.14295048812835584,
            0.18268846087026394,
            0.0758040660354623,
            0.2826188783742727
        ],
        "roc_auc": 0.6610211830086359,
        "auk": 0.07603583006505571,
        "fitting_time (minutes)": 3.522747532526652
    },
    "13": {
        "n_layers": 6,
        "n_units_per_layer": [
            230,
            172,
            84,
            374,
            268,
            160
        ],
        "dropout_rate_per_layer": [
            0.07279821066784349,
            0.12150294089881597,
            0.16686715149984713,
            0.08885207049948098,
            0.23464488095621144
        ],
        "roc_auc": 0.6824690458840549,
        "auk": 0.08433697251964384,
        "fitting_time (minutes)": 2.7796393275260924
    },
    "14": {
        "n_layers": 4,
        "n_units_per_layer": [
            304,
            92,
            390,
            348
        ],
        "dropout_rate_per_layer": [
            0.22964788155871374,
            0.10854672874359028,
            0.03996141002785943
        ],
        "roc_auc": 0.676069521376851,
        "auk": 0.08273360525792815,
        "fitting_time (minutes)": 1.9592590888341268
    },
    "15": {
        "n_layers": 3,
        "n_units_per_layer": [
            426,
            492,
            400
        ],
        "dropout_rate_per_layer": [
            0.16754705736816097,
            0.0008028672513478274
        ],
        "roc_auc": 0.6519234733446733,
        "auk": 0.07397416277211137,
        "fitting_time (minutes)": 2.5821196317672728
    },
    "16": {
        "n_layers": 6,
        "n_units_per_layer": [
            453,
            390,
            59,
            56,
            396,
            436
        ],
        "dropout_rate_per_layer": [
            0.000747452057471154,
            0.23517377887722524,
            0.012528193940892484,
            0.14339818531171356,
            0.10851710683985222
        ],
        "roc_auc": 0.6703105655788579,
        "auk": 0.0828833410620788,
        "fitting_time (minutes)": 2.9897483944892884
    },
    "17": {
        "n_layers": 1,
        "n_units_per_layer": [
            90
        ],
        "dropout_rate_per_layer": [],
        "roc_auc": 0.7005662149588043,
        "auk": 0.09802989505425934,
        "fitting_time (minutes)": 0.9415349324544271
    },
    "18": {
        "n_layers": 1,
        "n_units_per_layer": [
            57
        ],
        "dropout_rate_per_layer": [],
        "roc_auc": 0.7063005847537904,
        "auk": 0.10004481731141293,
        "fitting_time (minutes)": 0.9648834029833476
    },
    "19": {
        "n_layers": 3,
        "n_units_per_layer": [
            428,
            428,
            36
        ],
        "dropout_rate_per_layer": [
            0.0612143152821014,
            0.22568148218887102
        ],
        "roc_auc": 0.6622365480045389,
        "auk": 0.07661792130001249,
        "fitting_time (minutes)": 2.010037672519684
    },
    "20": {
        "n_layers": 8,