{
    "1": {
        "n_layers": 2,
        "n_units_per_layer": [
            336,
            73
        ],
        "dropout_rate_per_layer": [
            0.29533428439093
        ],
        "roc_auc": 0.6748125607962401,
        "auk": 0.08358177770589925,
        "fitting_time (minutes)": 1.2752620458602906
    },
    "2": {
        "n_layers": 1,
        "n_units_per_layer": [
            253
        ],
        "dropout_rate_per_layer": [],
        "roc_auc": 0.7049825404778105,
        "auk": 0.1003781880708921,
        "fitting_time (minutes)": 1.0400513569513956
    },
    "3": {
        "n_layers": 8,
        "n_units_per_layer": [
            83,
            285,
            357,
            323,
            208,
            251,
            294,
            287
        ],
        "dropout_rate_per_layer": [
            0.14429154275213274,
            0.026616945466439612,
            0.024416090149167412,
            0.2650182596753245,
            0.11362038821181886,
            0.2045376831365357,
            0.10509099203621446
        ],
        "roc_auc": 0.6623235012968935,
        "auk": 0.07789821776494714,
        "fitting_time (minutes)": 3.849983108043671
    },
    "4": {
        "n_layers": 6,
        "n_units_per_layer": [
            203,
            227,
            261,
            152,
            176,
            137
        ],
        "dropout_rate_per_layer": [
            0.11842630100035682,
            0.2997080231580227,
            0.027936904293536045,
            0.17863658889212727,
            0.11870617900600763
        ],
        "roc_auc": 0.6681951324807623,
        "auk": 0.08057323173755608,
        "fitting_time (minutes)": 2.091528840859731
    }
}